Relation-Commerciale,1289,"Accueil tr√®s agr√©able et c'est la seule chose que je retiendrais. Prise en charge, apr√®s un certain temps d'attente, par un vendeur au service client plus que d√©testable, pas d'√©coute des demandes, des explications plus que m√©diocres sur les diff√©rents t√©l√©phones propos√©s et quand on demande de voir le t√©l√©phone, enfin choisi, je trouve assez dommage que la r√©ponse donn√©e soit ""il est au fond pr√©sent√© "" sans que le vendeur daigne se d√©placer... Je voulais pourtant changer de t√©l√©phone. Je suis reparti sans...  Je ne remettrai plus les pieds dans cette boutique."
Relation-Commerciale,807,"D'une incomp√©tence incroyable et d'un amabilit√© d√©plorable. C'est la troisi√®me fois que je m'y rend en tant que pro, et c'est la troisi√®me fois qu'ils n'ont  pas ce qu'il faut: carte SIM, box Orange... Et ils ne peuvent soit disant aps appeler un autre boutique Orange pour v√©rifier que le mat√©riel soit en stock l√† bas..."
ProblÔøΩme-Technique,687,No pueden solucionar ning√∫n problema con SIM CARDS que pertenecen a ellos. Mal√≠sima la atenci√≥n!
Accueil-politesse,976,Excellent accueil mais surtout grande disponibilit√© des vendeurs et grandes comp√©tences dans le domaine technique. Boutique dont le fonctionnement est hors du commun.
Temps-Attente,636,"Service deplorable. Je me rends en boutique pour √©changer une box d√©fectueuse. J'ai command√© la box de remplacement en ligne et re√ßu une notification comme quoi elle √©tait arriv√©e.  J'ai attendu 30 minutes en boutique pour qu'un personnel malpoli m'explique que mon colis n'est pas arriv√©. Selon lui, si j'ai re√ßu un SMS comme quoi le colis est arriv√© aujourd'hui, c'est qu'il arrivera demain. Sa logique me d√©passe."
Accueil-politesse,2029,Bon vendeurs √† l'√©coute et sympathique.
Temps-Attente,1512,Personnel super comp√©tent tr√®s peu d‚Äôattente j‚Äôai rien √† dire autre chose que allez y les yeux ferm√©s
Accueil-politesse,2219,orange op√©ra beaucoup mieux que orange champ √âlys√©e j'avais l'impression de parler √† un m√ªr je parlais tout seul !!!
Accueil-politesse,663,Le personnel est vraiment TR√àS d√©sagr√©able ! C‚Äôest la pire boutique Orange. Ils font pas leur travail ils ont que le mot NON dans leur bouche √† croire qu‚Äôil nous rendent service !
Relation-Commerciale,1842,"Suite √† l'achat d'un film verre (cache) XPERIA, je vais √† la boutique pour la 3√®me fois,  vers les 18h ce mercerdi ,afin de rencontrer Le responsable qui est en entretien t√©l,  l'un des vendeurs me dit de revenir ds 1/4 , apr√®s je le croise dans le magasin il faisait l'inventaire, c'est tout juste si moi j'allais pas prendre aussi ma douche !!! Il me bloque cache en me disant je ne rembourse rien, je n'avais m√™me ouvert la bouche..il prend m√™me pas la peine d'√©couter, aucun respect alors que je me suis adress√©e au SAV de xp√©ria, qui m'ont recommand√© d'aller en boutique...tout le monde se renvoie la balle, mais pour un responsable il est utile de savoir √©couter ou communiquer, maintenant que j'ai crois√© le responsable je comprends la bonne humeur de ce magasin...c'est un pti monsieur quelconque d'une 50√® d'ann√©es voir plus, d√©garni et aucuns sourires..Il faisait l'inventaire trop pr√©occup√© par ses responsabilit√©s...Je comprends pourquoi j'ai pas envie de rester chez ORANGE"
ProblÔøΩme-Technique,427,"Cliente comme mon mari depuis des ann√©es chez Orange. Je suis tr√®s d√©√ßue de mon dernier passage. Je suis all√©e changer mon smartphone qui avait 2 probl√®mes. La batterie qui n'en pouvait plus, celui que l'on m'a remplac√© est gu√®re mieux. Le chargeur aussi a √©t√© chang√© mais on me l'a fait payer presque 15‚Ç¨ alors qu'il fesait parti du pack d'achat. Les photos de mes contacts sont toutes floutees. Je suis tr√®s d√©√ßue. Je dois le changer au mois d'octobre, j'y r√©fl√©chirais. Quand √† l'accueil dure, dure. D√©sol√©e."
Accueil-politesse,486,"Personnel √† l'accueil faisant r√©ellement office d'accueil et de bienvenu... un vrai plaisir d'√™tre accueilli de la sorte avec courtoisie et sourire. Pas eu besoin de passer par la case conseiller donc impossible √† juger, mais en tout cas il y avait de nombreux conseiller en train de renseigner des clients. √áa change des boutiques o√π les √Ælots de conseils sont d√©sesp√©r√©ment vides..."
Relation-Commerciale,1340,Vendeur tr√®s comp√©tent et efficace
Accueil-politesse,1148,Tr√®s bien personnels tr√®s aimable
Accueil-politesse,448,Suoer sympa les vendeurs !
Temps-Attente,592,Beaucoup d'attente (environ 30 minutes) du fait que les vendeurs soient oblig√©s de d√©passer leur r√¥le et de jouer les p√©dagogues avec des clients pas tr√®s dou√©s... Ils sont vraiment patients... Accueil aimable et professionnel.
Accueil-politesse,872,√âquipe Sympa et comp√©tente...
Cadre-AtmosphÔøΩre,1796,Souvent vide on a l impression de rentrer dans un autre monde froid et inqui√©tant
Relation-Commerciale,2142,"Apr√®s 1,5 mois d'erreurs de mise en place, et de mauvais mat√©riel envoy√©, on arrive enfin √† avoir la livebox fonctionnant chez nous. On rend notre mat√©riel en agence, et on re√ßoit ensuite des courriers de mise en demeure de mat√©riel non envoy√© car √©videmment l'agence ne communique pas avec les autres services. Je retourne √† l'agence aujourd'hui, et l'agent accueil me re√ßoit de mani√®re d√©plorable : c'est ma faute si j'ai rendu le mat√©riel en agence et pas par Chronopost. O√πest le client ? Pourtant rien ne vous avait √©t√© dit la fois pr√©c√©dente. Bref heureusement un responsable est √† la rescousse, et a d√©brouill√© l'affaire en prenant du temps, et en faisant son travail. Merci √† lui ! Mais quel parcours du combattant pour le client pour juste avoir une livebox."
Accueil-politesse,551,"Je suis rentr√© puis je suis sortie : Aucun vendeur √† ma rencontre ""j'ai poirot√© 15 minutes"""
Accueil-politesse,1198,(Traduit par Google) Tr√®s bon service  (Original) Muy buen servicio
Temps-Attente,25,"Bel endroit, mais une attente infinie pire qu'une administration."
Emotion-Ressenti,1482,Bien
Emotion-Ressenti,1111,"Accueil un peu poussif et amateurs,  mais gentillesse et politesse"
Accueil-politesse,2507,"Accueil efficace et souriant, pas d'attente, du choix et des rayons remplis, le seul b√©mol c'est les prix."
Emotion-Ressenti,1801,Excellent  service.
Relation-Commerciale,1924,Top op√©rateur de grade qualit√©
Changement-OpÔøΩrateur,2562,"Client depuis de nombreuses ann√©es d'Orange (auparavant PTT, Itin√©ris, France T√©l√©com, etc...), titulaire un contrat complet √† ma r√©sidence principale de Paris et souhaitant changer de fournisseur Internet pour ma r√©sidence secondaire, je me suis rendu - en prenant rendez-vous - √† la boutique Orange de la rue de Rennes √† Paris pour obtenir des informations et instructions compl√©mentaires. Je fut re√ßu √† l'heure pr√©vue par un conseiller incapable de r√©pondre √† toutes mes questions, me regardant avec les yeux mi-clos, visiblement peu int√©ress√© par ma visite. Je lui ai pos√© une question concernant un probl√®me r√©current que j'ai avec un t√©l√©phone Samsung, que j'ai achet√© neuf chez Orange. Il n'a pu me r√©pondre qu'il me fallait t√©l√©phoner au 3900, sans plus d'explications. J'ai √©t√© profond√©ment d√©√ßu par le manque de professionnalisme de ce conseiller. J'en ai connu de meilleurs chez Orange !"
Accueil-politesse,1128,"Pire boutique Orange, personnel incomp√©tent et responsable de l‚Äôagence qui ne conna√Æt pas le mot ‚Äúservice client‚Äù ! Les autres boutiques Orange sont vraiment √† la hauteur, alors que celle-ci... Client depuis 2005, je n‚Äôai jamais v√©cu un pire service avec Orange que dans cette boutique ! Honteux"
Cadre-AtmosphÔøΩre,1670,"Une boutique classique avec tout la t√©l√©phonie mobile,  √† 5mn de la gare."
Emotion-Ressenti,2004,(Traduit par Google) Haut  (Original) Top
ProblÔøΩme-Technique,1106,"Une catastrophe! Ne laissez pas votre mobile entre leurs mains, mon galaxy m'a √©t√© rendu avec un coup de cutter sur la touche principale! "
Accueil-politesse,611,Tr√®s bon accueil
Relation-Commerciale,1011,"Le manager est un √©norme enfant de p√©ripat√©ticienne. Et je p√®se mes mots. Vous avez le moindre probl√®me avec votre contrat Orange/Sosh ? C'est donc votre probl√®me et non le sien. Bravo, quel humanisme, quel respect de ses semblables."
Accueil-politesse,1605,"Accueil d√©testable. Quand mon tour arrive, le conseiller m¬¥ignore un moment avant de venir vers moi sans bonjour ni politesse. Je lui explique rapidement ma situation (assez urgente, je pars √† l¬¥√©tranger et le service client me dit de poser mon mat√©riel en boutique), il me dit qu¬¥il ne peut rien faire, n¬¥√©coute meme pas mon cas et bascule carr√©ment dans l¬¥impolitesse en me disant que j¬¥aurais du me renseigner mieux avant de venir et que je n¬¥ai rien compris a ce qu¬¥on m¬¥a dit. Ce comportement m√©prisant d¬¥ailleurs en partie du au fait que je suis une jf de 25 ans.  Tout simplement d√©sagr√©able et humiliant. Franchement une honte. J¬¥ai appel√© le service client pour le signaler, et ai pu poser mon mat√©riel sans aucun probl√®me au store de R√©publique.  Bref je ne parle que pour cet agent, mais son contact client est plus que limite et z√©ro sens du service."
Accueil-politesse,749,"D√©plorable! Le personnel est √†  la hauteur de sa r√©putation! Hautain, d√©sagr√©able et agressif. Boutique √†  √©viter √† tout prix. L' agent √†  l'accueil devrait changer de m√©tier !!!  n"
Relation-Commerciale,2408,"(Traduit par Google) Horrible attentif aux d√©tails, seulement int√©ress√© √† faire une vente. Je ne pense pas qu'ils voulaient m'aider car je suis un client pr√©pay√© et mon num√©ro ne venait pas de France. √Ä la fin, j'ai √©t√© vendu quelque chose qui ne pouvait pas travailler pour moi et a d√ª le retourner seulement apr√®s avoir cherch√© l'agent original. Si vous √™tes un client fran√ßais, vous obtiendrez peut-√™tre un meilleur service.  (Original) Horrible attentive to details , only interested in making a sale. I don't think they wanted to help me as I am a prepaid client and my number was not from France . In the end I was sold something that could not work for me and had to return it only after looking for the original agent. If your a French client perhaps you will get better service."
Accueil-politesse,1375,"J'y suis all√©e hier, pour rien. Vendeurs hautains et pas du tout √† l'√©coute, mon probl√®me n'a pas √©t√© r√©solu. Qu'on me conseille de me rediriger vers le service client en ligne alors que je me suis d√©plac√©e en magasin, c'est juste incompr√©hensible."
Emotion-Ressenti,2496,Solution rapide et efficace ! Tr√®s pros !
Cadre-AtmosphÔøΩre,1401,Magasin propre accueillant
Accueil-politesse,1373,"Le 25 avril, vers 11h30,Neuf employ√©s dont deux agents de s√©curit√© et un caissier, pour deux clients. Les ¬´¬†techniciens¬†¬ª occup√©s √† bailler ou s‚Äôamuser dans un magasin presque vide. Accueil hautain et 20‚Äô d‚Äôattente. J‚Äôai fini par partir."
Emotion-Ressenti,385,"Arriv√© d√®s l'ouverture, accueil et service efficace avec sourire. Un vrai petit bonheur."
Relation-Commerciale,1196,"Bonjour √† toutes et √† tous ,  Fuyez cette boutique comme la peste! Personnel incomp√©tent et se permet d‚Äô√™tre n√©gligeable avec sa client√®le.  3 allez retours en boutique suite au professionnalisme de ces incomp√©tents."
Accueil-politesse,1835,Bon accueil et bon service!
Emotion-Ressenti,1384,"Service client parfait. Personnel tr√®s √† l'√©coute de mes besoin et tr√®s serviable. Peu d'attente, √ßa change... Merci √† l'√©quipe !"
Temps-Attente,2027,Trop de monde donc beaucoup d'attente. Mais service correct.
Temps-Attente,643,Attente 1h √† 1h30  L ENFER
Temps-Attente,2388,Clairement pas assez de personnes pour traiter les demandes des clients. J'√©tais passez chez Apple en face on m'a r√©pondu et j'ai pu acheter mon produit sans attendre. Chez Orange il y avait 17 personnes devant moi.
Temps-Attente,1551,Beaucoup beaucoup de monde et donc d'attente. Vendeurs sympathiques et comp√©tents dans l'ensemble car certains sont plut√¥t mal aimables
Emotion-Ressenti,1855,Il sont tr√®s pro et agr√©able une bonne √©quipe au service de la client√®le
Relation-Commerciale,1534,Efficace. Rapide.
Relation-Commerciale,262,(Traduit par Google) D√©sorganis√© et incapable de me proposer une recharge pour mon pr√©pay√© mobile. Pass√© 45 minutes en attente de parler √† un vendeur qui ne pouvait pas m'aider avec ma requ√™te  (Original) Disorganised and unable to offer me recharge for my pre pay mobile. Spent 45 minutes waiting to talk to a sales man who couldn't help me with my query
Emotion-Ressenti,31,(Traduit par Google) Service excellent. Dedans et dehors!  (Original) Excellent service.  In and out!
ProblÔøΩme-Technique,13,"Passage √† la boutique Orange des Champs Elys√©es, seule boutique apparemment ayant un service de d√©pannage de smartphones. Prise en charge par un technicien souriant et aimable apr√®s 5 mn d'attente, les r√©parations ont √©t√© effectu√©es apr√®s que les explications (claires et pr√©cises) m'ont √©t√© fournies. Un seul regret : d'apprendre que si une r√©initialisation de mon t√©l√©phone avait d√ª √™tre faite, la sauvegarde de toutes mes donn√©es m'auraient co√ªt√© 9,00 ‚Ç¨ TTC. Ce qui me choque ce n'est pas tant le faible montant de cette op√©ration, mais le fait que la fid√©lit√© du client (pr√®s de 10 ans chez Orange) ne compte pas... J'ai connu Orange beaucoup plus attentif √† sa client√®le que maintenant. Restons positif pour cette op√©ration. 20 mn plus tard, tout √©tait r√©gl√©."
Relation-Commerciale,1496,"(Traduit par Google) J'√©tais en tourn√©e en Europe pour quelques semaines et ma premi√®re nuit √©tait pr√®s du magasin orange. Nous sommes all√©s l√†-bas, ils m'ont aid√© √† obtenir une carte sim en anglais pour environ 50 $ qui m'a couvert dans les 6 pays que j'ai travers√©. In and out rapidement! Super pour avoir un service cellulaire avec Internet pour nous aider √† naviguer notre voyage en Europe!  (Original) I was touring Europe for a couple weeks and my first night was near the orange store. Walked down there, they helped me get a sim card in english for about $50 that covered me in all 6 countries i travelled through. In and out quickly! Great to have cell service with internet to help us navigate our Europe road trip!"
Accueil-politesse,2451,Les vendeurs et vendeuses passent le temps √† discut√© de la pluie et du beau temps avec le client.
ProblÔøΩme-Technique,2255,"Deplorable , service nul , accueil d un autre temps n ecoute pas son client ne comprends rien. De plus service commercial nul se trompe constement , m ont echange une mauvaise box  ce qui a pour consequence de bloquer 30 personnes au travail !!! Je n ai jamais vu ca le directeur merite d etre limog√©. c est pas avec ce genre de service que la France va s en sortir on est reellement sur la mauvaise pente."
Emotion-Ressenti,745,Excellent
Relation-Commerciale,2516,"En boutique et au 3900, j'ai √©t√© tr√®s bien conseill√©e et guid√©e, les conseillers en boutique et techniciens t√©l√©phoniques sont serviables et tr√®s comp√©tents. Un grand bravo pour vos prestations !!"
,184,Ask for Rachida
Cadre-AtmosphÔøΩre,720,Bonne boutique
Temps-Attente,1374,Le personnel est sympa..toujours du monde donc il faut pr√©voir une attente..
Accueil-politesse,629,"Que dire de cet endroit... du personnel, il y en a. Occup√© √† quoi ? Peut-√™tre √† vous faire poireauter messieurs mesdames, en paradant comme des coqs. Il faut prendre rdv pour avoir un renseignement, ok pas de pb. Je reviens, j'attend, d'autres attendent, la mine d√©confite. Je demande √† l'un d'entre eux, √ßa fait 3/4 d'heure qu'il est l√† √† attendre. Nous sommes jeudi matin je pr√©cise. Et avec tout √ßa, on vous fait bien sentir qu'il faut √™tre bien sage et poli, personne n'ose protester...! Si au moins c'√©tait une pi√®ce de th√©√¢tre, non, c'est du v√©cu !"
Accueil-politesse,501,Tres accueillant et competant
Accueil-politesse,1972,Tr√®s bon accueil !
Accueil-politesse,1519,"Tr√®s bon accueil.Boubacar est comp√©tent ,patient ,serviable .Bravo"
Cadre-AtmosphÔøΩre,2352,Commerciales tr√®s serviables et √† l'√©coute. Tr√®s belle boutique en passant
ProblÔøΩme-Technique,2342,Prise en charge rapide et bons conseils
Emotion-Ressenti,2632,boutique √† √©viter!
Temps-Attente,475,Beaucoup trop d attente
Emotion-Ressenti,2627,Employ√©s d√©plorables !
Accueil-politesse,1494,"I used Orange Internet service for two months while I was living in Paris. The English customer service is unfortunately very rude. If you don't have your account number ready or cannot quickly pull up your French number, they will get irritated and hang up. I've had several unpleasant conversations."
Temps-Attente,788,Service beaucoup trop lent et incomp√©tents
Emotion-Ressenti,1746,Agr√©able et efficace je recommande
Accueil-politesse,407,"Tr√®s bonne accueil, et bien organis√©. On s'occupe rapidement de vous et les agents sont serviable."
Changement-OpÔøΩrateur,2006,"Tr√®s d√©√ßu par ce point de vente orange, ENORMEMENT d'attente, pour parfois repartir sans avoir parl√© √† un vendeur. De nombreux probl√®mes post visite du √† des erreurs effectu√©es par les vendeurs (erreur volontaire de changement d'adresse, magouille sur le logiciel interne, le vendeur rempli les champs d'inscription √† la vitesse de l'√©claire sans prendre le temps de nous expliquer, puis constate avoir fait des erreurs, mais les laissent quand m√™me.. r√©sultat plusieurs semaines de retard sur commande, ou encore 3 jours sans carte SIM apr√®s une mauvaise manipulation d'un vendeur etc .. aucune empathie, on nous laisse avec notre probl√®me, CLIENT SUIVANT !!"
Accueil-politesse,1732,"Fuyez cette boutique ! Le personnel est incomp√©tent, les clients ont l'impression de d√©ranger, on vous parle mal ! Le directeur et le vendeur plus √¢g√©e (barbe blanche) sont horribles ... Ils n'ont pas envie de faire leur boulot et agressent les clients ! Plus jamais !!!!!!"
Temps-Attente,1729,"C'est une bonne boutique accueillante , mais toujours trop de monde ! "
Emotion-Ressenti,2458,Bon
Relation-Commerciale,368,The store not open on time like they wrote at the door.
Accueil-politesse,1301,"Tr√®s tr√®s bien accueillis. Superbe Boutique. Des personnes y travaillant tr√®s professionnelles, accueillantes, gentilles, souriantes. Tr√®s tr√®s bien !"
Cadre-AtmosphÔøΩre,703,trop d'attente le concept du salon n'est gu√®re bien √©tudi√© la copie du concept est √† revoir
Emotion-Ressenti,1931,Magasin refait a neuf mais.... Vendeur d√©sagr√©able! J'ai jamais vu √ßa!  Hautain et je m'en foutisme de l'extr√™me! On ne reviendra plus. Super image d'Orange ! Si je pouvais mettre une note n√©gative je l'aurai fait! FUYEZ
Accueil-politesse,1206,(Traduit par Google) Les consultants ignorent ma visite √† Oranzh! D√©go√ªtant.  (Original) Consultants ignore my visit to Oranzh! Disgustingly.
Relation-Commerciale,2433,"Pongo una estrella porque no se puede poner menos. El personal no tiene ni idea de lo que tienen en la tienda, te dicen que solo hay un tama√±o y hab√≠a dos, hasta se qued√≥ cortado al darse cuenta. No tienen formaci√≥n ninguna. Hay 3 personas en la puerta que no se enteran de nada e ignoran las preguntas. Llevamos 15 minutos esperando a por la persona que nos iba a resolver la duda y no volvi√≥."
Emotion-Ressenti,2270,Top des boutiques orange
Accueil-politesse,1390,"Tr√®s bon service client, et le probl√®me a √©t√© r√©solu rapidement. Je recommende cette location ! / Really good customer service, and my problem has been quickly resolved. I recommend this shop !"
Relation-Commerciale,2524,Tr√®s Professionnels .
ProblÔøΩme-Technique,1686,Quand vous rentrer dans la boutique en expliquant que vous avez pas de prise t√©l√©phonique mais que vous pensez avoir la fibre et que vous voulez l'offre avec forfait portable au lieu de vous dire que votre b√¢timent n'est pas √©ligible √† la fibre il vous font le dossier et quand vous rentrez chez vous vous apercevez que c'est une box classique malheureusement vous avez signez et √™tes oblig√© d'attendre 1an pour r√©silier !!!! Donc reflechissez bien avant d'aller la et quitte √† faire r√©p√©ter et ouvrir la boite pour bien v√©rifier.
Emotion-Ressenti,1556,Equipe de tr√®s pro
Accueil-politesse,1313,"Tr√®s bonne exp√©rience dans cette boutique : probl√®me r√©solu instantan√©ment, vendeurs agr√©ables et proposition spontan√©e d'un t√©l√©phone pour remplacer celui que je m'√©tais fait voler."
Accueil-politesse,2058,Accueil √† revoir. 
Accueil-politesse,1509,"√âpouvantable accueil, personnel √† la limite de l'escroquerie... Je recommande d'aller √† la boutique Orange de R√©publique."
Relation-Commerciale,845,"Hallucinant un op√©rateur de t√©l√©phone qui n'a pas de num√©ro de t√©l√©phone ! Pauvre monde le fric d'abord, le service ensuite"
Emotion-Ressenti,1828,Superbe boutique. √âquipe jeune et dynamique.
Emotion-Ressenti,1916,Super conseil r√©actif et efficace  Merci √† Myriam üòÄ
Relation-Commerciale,856,Moins de choses que la boutique orange R√©publique. Mais service √©quivalent.
Accueil-politesse,1688,Aimables comme des portes de prison except√© le gentil barbu. On a franchement l'impression de g√™ner leur partie de candycrush
Temps-Attente,1114,"Une petite boutique, beaucoup de monde et pas beaucoup de personnel. √Ä eviter"
,1902,No comment
